2026-09-26,15:15:06,Temperature,25.79,°C
2026-09-26,15:15:06,Humidity,45.35,%
2026-09-26,15:15:06,AQI,1.0,
2026-09-26,15:15:06,TVOC,30.4,ppb
2026-09-26,15:15:06,eCO2,415.27,ppm
2026-09-26,15:15:06,Broadband,300.6,lux
2026-09-26,15:15:06,Infrared,111.47,lux
2026-09-26,15:15:36,Temperature,25.78,°C
2026-09-26,15:15:36,Humidity,45.25,%
2026-09-26,15:15:36,AQI,1.0,
2026-09-26,15:15:36,TVOC,28.13,ppb
2026-09-26,15:15:36,eCO2,411.1,ppm
2026-09-26,15:15:36,Broadband,298.6,lux
2026-09-26,15:15:36,Infrared,111.0,lux
2026-09-26,15:16:06,Temperature,25.79,°C
2026-09-26,15:16:06,Humidity,45.08,%
2026-09-26,15:16:06,AQI,1.0,
2026-09-26,15:16:06,TVOC,26.23,ppb
2026-09-26,15:16:06,eCO2,406.13,ppm
2026-09-26,15:16:06,Broadband,305.53,lux
2026-09-26,15:16:06,Infrared,113.67,lux
2026-09-26,15:16:36,Temperature,25.81,°C
2026-09-26,15:16:36,Humidity,44.85,%
2026-09-26,15:16:36,AQI,1.0,
2026-09-26,15:16:36,TVOC,25.97,ppb
2026-09-26,15:16:36,eCO2,406.77,ppm
2026-09-26,15:16:36,Broadband,323.9,lux
2026-09-26,15:16:36,Infrared,121.3,lux
2026-09-26,15:17:06,Temperature,25.72,°C
2026-09-26,15:17:06,Humidity,44.75,%
2026-09-26,15:17:06,AQI,1.0,
2026-09-26,15:17:06,TVOC,26.33,ppb
2026-09-26,15:17:06,eCO2,407.2,ppm
2026-09-26,15:17:06,Broadband,351.3,lux
2026-09-26,15:17:06,Infrared,131.27,lux
2026-09-26,15:17:36,Temperature,25.74,°C
2026-09-26,15:17:36,Humidity,44.86,%
2026-09-26,15:17:36,AQI,1.0,
2026-09-26,15:17:36,TVOC,36.0,ppb
2026-09-26,15:17:36,eCO2,427.47,ppm
2026-09-26,15:17:36,Broadband,388.9,lux
2026-09-26,15:17:36,Infrared,147.83,lux
2026-09-26,15:18:06,Temperature,25.8,°C
2026-09-26,15:18:06,Humidity,44.75,%
2026-09-26,15:18:06,AQI,1.0,
2026-09-26,15:18:06,TVOC,31.8,ppb
2026-09-26,15:18:06,eCO2,418.6,ppm
2026-09-26,15:18:06,Broadband,431.77,lux
2026-09-26,15:18:06,Infrared,168.43,lux
2026-09-26,15:18:36,Temperature,25.81,°C
2026-09-26,15:18:36,Humidity,44.51,%
2026-09-26,15:18:36,AQI,1.0,
2026-09-26,15:18:36,TVOC,27.73,ppb
2026-09-26,15:18:36,eCO2,410.23,ppm
2026-09-26,15:18:36,Broadband,484.7,lux
2026-09-26,15:18:36,Infrared,189.1,lux
2026-09-26,15:19:06,Temperature,25.81,°C
2026-09-26,15:19:06,Humidity,44.35,%
2026-09-26,15:19:06,AQI,1.0,
2026-09-26,15:19:06,TVOC,29.27,ppb
2026-09-26,15:19:06,eCO2,412.5,ppm
2026-09-26,15:19:06,Broadband,534.07,lux
2026-09-26,15:19:06,Infrared,210.17,lux
2026-09-26,15:19:36,Temperature,25.79,°C
2026-09-26,15:19:36,Humidity,44.37,%
2026-09-26,15:19:36,AQI,1.0,
2026-09-26,15:19:36,TVOC,29.53,ppb
2026-09-26,15:19:36,eCO2,413.33,ppm
2026-09-26,15:19:36,Broadband,564.73,lux
2026-09-26,15:19:36,Infrared,222.37,lux
2026-09-26,15:20:06,Temperature,25.82,°C
2026-09-26,15:20:06,Humidity,44.27,%
2026-09-26,15:20:06,AQI,1.0,
2026-09-26,15:20:06,TVOC,32.77,ppb
2026-09-26,15:20:06,eCO2,420.3,ppm
2026-09-26,15:20:06,Broadband,566.33,lux
2026-09-26,15:20:06,Infrared,222.27,lux
2026-09-26,15:20:36,Temperature,25.85,°C
2026-09-26,15:20:36,Humidity,44.2,%
2026-09-26,15:20:36,AQI,1.0,
2026-09-26,15:20:36,TVOC,34.0,ppb
2026-09-26,15:20:36,eCO2,423.17,ppm
2026-09-26,15:20:36,Broadband,558.6,lux
2026-09-26,15:20:36,Infrared,221.3,lux
2026-09-26,15:21:06,Temperature,25.88,°C
2026-09-26,15:21:06,Humidity,44.14,%
2026-09-26,15:21:06,AQI,1.0,
2026-09-26,15:21:06,TVOC,37.83,ppb
2026-09-26,15:21:06,eCO2,431.37,ppm
2026-09-26,15:21:06,Broadband,599.03,lux
2026-09-26,15:21:06,Infrared,237.4,lux
2026-09-26,15:22:30,Temperature,25.23,°C
2026-09-26,15:22:30,Humidity,44.79,%
2026-09-26,15:22:30,AQI,1.0,
2026-09-26,15:22:30,TVOC,30.63,ppb
2026-09-26,15:22:30,eCO2,416.63,ppm
2026-09-26,15:22:30,Broadband,555.03,lux
2026-09-26,15:22:30,Infrared,217.87,lux
