2026-09-26,15:23:00,Temperature,25.29,°C
2026-09-26,15:23:00,Humidity,45.14,%
2026-09-26,15:23:00,AQI,1.0,
2026-09-26,15:23:00,TVOC,35.67,ppb
2026-09-26,15:23:00,eCO2,426.63,ppm
2026-09-26,15:23:00,Broadband,428.4,lux
2026-09-26,15:23:00,Infrared,166.57,lux
2026-09-26,15:23:30,Temperature,25.41,°C
2026-09-26,15:23:30,Humidity,45.22,%
2026-09-26,15:23:30,AQI,1.0,
2026-09-26,15:23:30,TVOC,42.7,ppb
2026-09-26,15:23:30,eCO2,441.87,ppm
2026-09-26,15:23:30,Broadband,394.37,lux
2026-09-26,15:23:30,Infrared,149.9,lux
2026-09-26,15:24:00,Temperature,25.56,°C
2026-09-26,15:24:00,Humidity,45.07,%
2026-09-26,15:24:00,AQI,1.0,
2026-09-26,15:24:00,TVOC,45.6,ppb
2026-09-26,15:24:00,eCO2,447.8,ppm
2026-09-26,15:24:00,Broadband,363.9,lux
2026-09-26,15:24:00,Infrared,136.73,lux
2026-09-26,15:24:30,Temperature,25.64,°C
2026-09-26,15:24:30,Humidity,44.58,%
2026-09-26,15:24:30,AQI,1.0,
2026-09-26,15:24:30,TVOC,33.83,ppb
2026-09-26,15:24:30,eCO2,422.73,ppm
2026-09-26,15:24:30,Broadband,325.33,lux
2026-09-26,15:24:30,Infrared,119.9,lux
2026-09-26,15:25:00,Temperature,25.67,°C
2026-09-26,15:25:00,Humidity,44.18,%
2026-09-26,15:25:00,AQI,1.0,
2026-09-26,15:25:00,TVOC,31.4,ppb
2026-09-26,15:25:00,eCO2,417.43,ppm
2026-09-26,15:25:00,Broadband,306.73,lux
2026-09-26,15:25:00,Infrared,112.0,lux
2026-09-26,15:25:30,Temperature,25.7,°C
2026-09-26,15:25:30,Humidity,43.8,%
2026-09-26,15:25:30,AQI,1.0,
2026-09-26,15:25:30,TVOC,27.6,ppb
2026-09-26,15:25:30,eCO2,409.2,ppm
2026-09-26,15:25:30,Broadband,299.5,lux
2026-09-26,15:25:30,Infrared,109.17,lux
2026-09-26,15:26:00,Temperature,25.74,°C
2026-09-26,15:26:00,Humidity,43.51,%
2026-09-26,15:26:00,AQI,1.0,
2026-09-26,15:26:00,TVOC,33.7,ppb
2026-09-26,15:26:00,eCO2,422.13,ppm
2026-09-26,15:26:00,Broadband,311.73,lux
2026-09-26,15:26:00,Infrared,114.27,lux
2026-09-26,15:26:30,Temperature,25.79,°C
2026-09-26,15:26:30,Humidity,43.28,%
2026-09-26,15:26:30,AQI,1.0,
2026-09-26,15:26:30,TVOC,28.57,ppb
2026-09-26,15:26:30,eCO2,411.67,ppm
2026-09-26,15:26:30,Broadband,289.8,lux
2026-09-26,15:26:30,Infrared,105.37,lux
2026-09-26,15:27:00,Temperature,25.83,°C
2026-09-26,15:27:00,Humidity,43.05,%
2026-09-26,15:27:00,AQI,1.0,
2026-09-26,15:27:00,TVOC,30.83,ppb
2026-09-26,15:27:00,eCO2,416.3,ppm
2026-09-26,15:27:00,Broadband,275.8,lux
2026-09-26,15:27:00,Infrared,99.5,lux
2026-09-26,15:27:30,Temperature,25.85,°C
2026-09-26,15:27:30,Humidity,43.0,%
2026-09-26,15:27:30,AQI,1.0,
2026-09-26,15:27:30,TVOC,34.6,ppb
2026-09-26,15:27:30,eCO2,424.2,ppm
2026-09-26,15:27:30,Broadband,271.3,lux
2026-09-26,15:27:30,Infrared,97.2,lux
2026-09-26,15:28:00,Temperature,25.94,°C
2026-09-26,15:28:00,Humidity,43.04,%
2026-09-26,15:28:00,AQI,1.0,
2026-09-26,15:28:00,TVOC,36.8,ppb
2026-09-26,15:28:00,eCO2,429.07,ppm
2026-09-26,15:28:00,Broadband,269.63,lux
2026-09-26,15:28:00,Infrared,96.3,lux
2026-09-26,15:28:30,Temperature,25.99,°C
2026-09-26,15:28:30,Humidity,42.92,%
2026-09-26,15:28:30,AQI,1.0,
2026-09-26,15:28:30,TVOC,40.83,ppb
2026-09-26,15:28:30,eCO2,437.67,ppm
2026-09-26,15:28:30,Broadband,268.87,lux
2026-09-26,15:28:30,Infrared,96.0,lux
2026-09-26,15:29:00,Temperature,25.98,°C
2026-09-26,15:29:00,Humidity,42.75,%
2026-09-26,15:29:00,AQI,1.0,
2026-09-26,15:29:00,TVOC,38.7,ppb
2026-09-26,15:29:00,eCO2,433.4,ppm
2026-09-26,15:29:00,Broadband,268.0,lux
2026-09-26,15:29:00,Infrared,95.23,lux
2026-09-26,15:29:30,Temperature,25.98,°C
2026-09-26,15:29:30,Humidity,42.56,%
2026-09-26,15:29:30,AQI,1.0,
2026-09-26,15:29:30,TVOC,30.6,ppb
2026-09-26,15:29:30,eCO2,416.3,ppm
2026-09-26,15:29:30,Broadband,267.83,lux
2026-09-26,15:29:30,Infrared,95.37,lux
2026-09-26,15:30:00,Temperature,25.96,°C
2026-09-26,15:30:00,Humidity,42.41,%
2026-09-26,15:30:00,AQI,1.0,
2026-09-26,15:30:00,TVOC,29.77,ppb
2026-09-26,15:30:00,eCO2,414.03,ppm
2026-09-26,15:30:00,Broadband,269.57,lux
2026-09-26,15:30:00,Infrared,96.03,lux
2026-09-26,15:30:30,Temperature,25.98,°C
2026-09-26,15:30:30,Humidity,42.51,%
2026-09-26,15:30:30,AQI,1.0,
2026-09-26,15:30:30,TVOC,39.13,ppb
2026-09-26,15:30:30,eCO2,433.93,ppm
2026-09-26,15:30:30,Broadband,279.87,lux
2026-09-26,15:30:30,Infrared,100.27,lux
2026-09-26,15:31:00,Temperature,25.93,°C
2026-09-26,15:31:00,Humidity,42.66,%
2026-09-26,15:31:00,AQI,1.0,
2026-09-26,15:31:00,TVOC,41.77,ppb
2026-09-26,15:31:00,eCO2,439.93,ppm
2026-09-26,15:31:00,Broadband,320.73,lux
2026-09-26,15:31:00,Infrared,116.7,lux
2026-09-26,15:31:30,Temperature,25.93,°C
2026-09-26,15:31:30,Humidity,42.81,%
2026-09-26,15:31:30,AQI,1.0,
2026-09-26,15:31:30,TVOC,42.77,ppb
2026-09-26,15:31:30,eCO2,441.9,ppm
2026-09-26,15:31:30,Broadband,381.07,lux
2026-09-26,15:31:30,Infrared,140.93,lux
2026-09-26,15:32:00,Temperature,25.96,°C
2026-09-26,15:32:00,Humidity,42.95,%
2026-09-26,15:32:00,AQI,1.0,
2026-09-26,15:32:00,TVOC,48.7,ppb
2026-09-26,15:32:00,eCO2,454.13,ppm
2026-09-26,15:32:00,Broadband,368.63,lux
2026-09-26,15:32:00,Infrared,137.83,lux
2026-09-26,15:32:30,Temperature,26.01,°C
2026-09-26,15:32:30,Humidity,42.91,%
2026-09-26,15:32:30,AQI,1.03,
2026-09-26,15:32:30,TVOC,52.67,ppb
2026-09-26,15:32:30,eCO2,462.07,ppm
2026-09-26,15:32:30,Broadband,324.57,lux
2026-09-26,15:32:30,Infrared,120.63,lux
2026-09-26,15:33:00,Temperature,25.98,°C
2026-09-26,15:33:00,Humidity,42.89,%
2026-09-26,15:33:00,AQI,1.0,
2026-09-26,15:33:00,TVOC,46.2,ppb
2026-09-26,15:33:00,eCO2,448.97,ppm
2026-09-26,15:33:00,Broadband,300.37,lux
2026-09-26,15:33:00,Infrared,109.87,lux
2026-09-26,15:33:30,Temperature,25.98,°C
2026-09-26,15:33:30,Humidity,42.91,%
2026-09-26,15:33:30,AQI,1.0,
2026-09-26,15:33:30,TVOC,46.9,ppb
2026-09-26,15:33:30,eCO2,450.4,ppm
2026-09-26,15:33:30,Broadband,283.6,lux
2026-09-26,15:33:30,Infrared,101.93,lux
2026-09-26,15:34:00,Temperature,26.04,°C
2026-09-26,15:34:00,Humidity,43.01,%
2026-09-26,15:34:00,AQI,1.13,
2026-09-26,15:34:00,TVOC,58.13,ppb
2026-09-26,15:34:00,eCO2,473.17,ppm
2026-09-26,15:34:00,Broadband,273.77,lux
2026-09-26,15:34:00,Infrared,97.17,lux
2026-09-26,15:34:30,Temperature,26.04,°C
2026-09-26,15:34:30,Humidity,43.07,%
2026-09-26,15:34:30,AQI,1.2,
2026-09-26,15:34:30,TVOC,59.2,ppb
2026-09-26,15:34:30,eCO2,474.97,ppm
2026-09-26,15:34:30,Broadband,265.5,lux
2026-09-26,15:34:30,Infrared,93.23,lux
2026-09-26,15:35:00,Temperature,26.06,°C
2026-09-26,15:35:00,Humidity,43.18,%
2026-09-26,15:35:00,AQI,1.5,
2026-09-26,15:35:00,TVOC,65.37,ppb
2026-09-26,15:35:00,eCO2,487.33,ppm
2026-09-26,15:35:00,Broadband,265.17,lux
2026-09-26,15:35:00,Infrared,93.07,lux
2026-09-26,15:35:30,Temperature,26.06,°C
2026-09-26,15:35:30,Humidity,43.15,%
2026-09-26,15:35:30,AQI,1.37,
2026-09-26,15:35:30,TVOC,63.57,ppb
2026-09-26,15:35:30,eCO2,483.63,ppm
2026-09-26,15:35:30,Broadband,266.6,lux
2026-09-26,15:35:30,Infrared,93.93,lux
2026-09-26,15:36:00,Temperature,26.03,°C
2026-09-26,15:36:00,Humidity,43.07,%
2026-09-26,15:36:00,AQI,1.03,
2026-09-26,15:36:00,TVOC,55.6,ppb
2026-09-26,15:36:00,eCO2,468.03,ppm
2026-09-26,15:36:00,Broadband,269.23,lux
2026-09-26,15:36:00,Infrared,94.87,lux
2026-09-26,15:36:30,Temperature,26.01,°C
2026-09-26,15:36:30,Humidity,42.97,%
2026-09-26,15:36:30,AQI,1.0,
2026-09-26,15:36:30,TVOC,53.73,ppb
2026-09-26,15:36:30,eCO2,464.23,ppm
2026-09-26,15:36:30,Broadband,275.5,lux
2026-09-26,15:36:30,Infrared,97.17,lux
2026-09-26,15:37:00,Temperature,25.91,°C
2026-09-26,15:37:00,Humidity,42.97,%
2026-09-26,15:37:00,AQI,1.0,
2026-09-26,15:37:00,TVOC,41.37,ppb
2026-09-26,15:37:00,eCO2,439.0,ppm
2026-09-26,15:37:00,Broadband,281.27,lux
2026-09-26,15:37:00,Infrared,99.23,lux
2026-09-26,15:37:30,Temperature,25.84,°C
2026-09-26,15:37:30,Humidity,43.05,%
2026-09-26,15:37:30,AQI,1.0,
2026-09-26,15:37:30,TVOC,42.07,ppb
2026-09-26,15:37:30,eCO2,440.3,ppm
2026-09-26,15:37:30,Broadband,278.33,lux
2026-09-26,15:37:30,Infrared,97.87,lux
2026-09-26,15:38:00,Temperature,25.83,°C
2026-09-26,15:38:00,Humidity,43.1,%
2026-09-26,15:38:00,AQI,1.0,
2026-09-26,15:38:00,TVOC,37.73,ppb
2026-09-26,15:38:00,eCO2,431.13,ppm
2026-09-26,15:38:00,Broadband,268.57,lux
2026-09-26,15:38:00,Infrared,94.23,lux
2026-09-26,15:38:30,Temperature,25.88,°C
2026-09-26,15:38:30,Humidity,42.88,%
2026-09-26,15:38:30,AQI,1.0,
2026-09-26,15:38:30,TVOC,30.9,ppb
2026-09-26,15:38:30,eCO2,417.4,ppm
2026-09-26,15:38:30,Broadband,287.17,lux
2026-09-26,15:38:30,Infrared,104.3,lux
2026-09-26,15:39:00,Temperature,25.86,°C
2026-09-26,15:39:00,Humidity,42.58,%
2026-09-26,15:39:00,AQI,1.0,
2026-09-26,15:39:00,TVOC,21.73,ppb
2026-09-26,15:39:00,eCO2,400.33,ppm
2026-09-26,15:39:00,Broadband,297.47,lux
2026-09-26,15:39:00,Infrared,107.63,lux
2026-09-26,15:39:30,Temperature,25.86,°C
2026-09-26,15:39:30,Humidity,42.4,%
2026-09-26,15:39:30,AQI,1.0,
2026-09-26,15:39:30,TVOC,23.73,ppb
2026-09-26,15:39:30,eCO2,403.7,ppm
2026-09-26,15:39:30,Broadband,294.47,lux
2026-09-26,15:39:30,Infrared,106.27,lux
2026-09-26,15:40:00,Temperature,25.86,°C
2026-09-26,15:40:00,Humidity,42.21,%
2026-09-26,15:40:00,AQI,1.0,
2026-09-26,15:40:00,TVOC,25.83,ppb
2026-09-26,15:40:00,eCO2,407.57,ppm
2026-09-26,15:40:00,Broadband,270.83,lux
2026-09-26,15:40:00,Infrared,96.83,lux
2026-09-26,15:40:30,Temperature,25.81,°C
2026-09-26,15:40:30,Humidity,42.19,%
2026-09-26,15:40:30,AQI,1.0,
2026-09-26,15:40:30,TVOC,32.6,ppb
2026-09-26,15:40:30,eCO2,419.7,ppm
2026-09-26,15:40:30,Broadband,261.77,lux
2026-09-26,15:40:30,Infrared,93.07,lux
2026-09-26,15:41:00,Temperature,25.81,°C
2026-09-26,15:41:00,Humidity,42.11,%
2026-09-26,15:41:00,AQI,1.0,
2026-09-26,15:41:00,TVOC,41.57,ppb
2026-09-26,15:41:00,eCO2,439.3,ppm
2026-09-26,15:41:00,Broadband,260.23,lux
2026-09-26,15:41:00,Infrared,91.73,lux
2026-09-26,15:41:30,Temperature,25.8,°C
2026-09-26,15:41:30,Humidity,42.09,%
2026-09-26,15:41:30,AQI,1.0,
2026-09-26,15:41:30,TVOC,42.03,ppb
2026-09-26,15:41:30,eCO2,440.37,ppm
2026-09-26,15:41:30,Broadband,256.77,lux
2026-09-26,15:41:30,Infrared,90.1,lux
2026-09-26,15:42:00,Temperature,25.82,°C
2026-09-26,15:42:00,Humidity,42.11,%
2026-09-26,15:42:00,AQI,1.0,
2026-09-26,15:42:00,TVOC,37.57,ppb
2026-09-26,15:42:00,eCO2,430.83,ppm
2026-09-26,15:42:00,Broadband,255.13,lux
2026-09-26,15:42:00,Infrared,89.5,lux
2026-09-26,15:42:52,Temperature,25.82,°C
2026-09-26,15:42:52,Humidity,42.23,%
2026-09-26,15:42:52,AQI,1.13,
2026-09-26,15:42:52,TVOC,39.8,ppb
2026-09-26,15:42:52,eCO2,440.37,ppm
2026-09-26,15:42:52,Broadband,260.07,lux
2026-09-26,15:42:52,Infrared,94.83,lux
2026-09-26,15:43:22,Temperature,25.51,°C
2026-09-26,15:43:22,Humidity,43.21,%
2026-09-26,15:43:22,AQI,1.0,
2026-09-26,15:43:22,TVOC,31.83,ppb
2026-09-26,15:43:22,eCO2,419.93,ppm
2026-09-26,15:43:22,Broadband,242.47,lux
2026-09-26,15:43:22,Infrared,92.77,lux
2026-09-26,15:43:52,Temperature,25.42,°C
2026-09-26,15:43:52,Humidity,44.25,%
2026-09-26,15:43:52,AQI,1.03,
2026-09-26,15:43:52,TVOC,53.93,ppb
2026-09-26,15:43:52,eCO2,464.53,ppm
2026-09-26,15:43:52,Broadband,242.1,lux
2026-09-26,15:43:52,Infrared,92.27,lux
2026-09-26,15:44:22,Temperature,25.52,°C
2026-09-26,15:44:22,Humidity,44.44,%
2026-09-26,15:44:22,AQI,1.0,
2026-09-26,15:44:22,TVOC,42.0,ppb
2026-09-26,15:44:22,eCO2,440.1,ppm
2026-09-26,15:44:22,Broadband,242.4,lux
2026-09-26,15:44:22,Infrared,92.3,lux
2026-09-26,15:44:52,Temperature,25.6,°C
2026-09-26,15:44:52,Humidity,44.62,%
2026-09-26,15:44:52,AQI,1.5,
2026-09-26,15:44:52,TVOC,63.1,ppb
2026-09-26,15:44:52,eCO2,481.77,ppm
2026-09-26,15:44:52,Broadband,238.8,lux
2026-09-26,15:44:52,Infrared,91.67,lux
2026-09-26,15:45:22,Temperature,25.7,°C
2026-09-26,15:45:22,Humidity,44.6,%
2026-09-26,15:45:22,AQI,1.23,
2026-09-26,15:45:22,TVOC,53.6,ppb
2026-09-26,15:45:22,eCO2,463.73,ppm
2026-09-26,15:45:22,Broadband,237.47,lux
2026-09-26,15:45:22,Infrared,91.1,lux
2026-09-26,15:45:52,Temperature,25.75,°C
2026-09-26,15:45:52,Humidity,44.12,%
2026-09-26,15:45:52,AQI,1.0,
2026-09-26,15:45:52,TVOC,46.57,ppb
2026-09-26,15:45:52,eCO2,449.8,ppm
2026-09-26,15:45:52,Broadband,218.93,lux
2026-09-26,15:45:52,Infrared,82.0,lux
2026-09-26,15:46:22,Temperature,25.76,°C
2026-09-26,15:46:22,Humidity,43.79,%
2026-09-26,15:46:22,AQI,1.0,
2026-09-26,15:46:22,TVOC,34.93,ppb
2026-09-26,15:46:22,eCO2,425.03,ppm
2026-09-26,15:46:22,Broadband,219.73,lux
2026-09-26,15:46:22,Infrared,82.0,lux
2026-09-26,15:46:52,Temperature,25.79,°C
2026-09-26,15:46:52,Humidity,43.72,%
2026-09-26,15:46:52,AQI,1.0,
2026-09-26,15:46:52,TVOC,37.03,ppb
2026-09-26,15:46:52,eCO2,429.6,ppm
2026-09-26,15:46:52,Broadband,219.2,lux
2026-09-26,15:46:52,Infrared,82.0,lux
2026-09-26,15:47:22,Temperature,25.84,°C
2026-09-26,15:47:22,Humidity,43.75,%
2026-09-26,15:47:22,AQI,1.0,
2026-09-26,15:47:22,TVOC,36.53,ppb
2026-09-26,15:47:22,eCO2,428.63,ppm
2026-09-26,15:47:22,Broadband,219.0,lux
2026-09-26,15:47:22,Infrared,82.0,lux
2026-09-26,15:47:52,Temperature,25.93,°C
2026-09-26,15:47:52,Humidity,43.62,%
2026-09-26,15:47:52,AQI,1.0,
2026-09-26,15:47:52,TVOC,33.57,ppb
2026-09-26,15:47:52,eCO2,422.2,ppm
2026-09-26,15:47:52,Broadband,219.23,lux
2026-09-26,15:47:52,Infrared,82.0,lux
2026-09-26,15:48:22,Temperature,25.98,°C
2026-09-26,15:48:22,Humidity,43.55,%
2026-09-26,15:48:22,AQI,1.0,
2026-09-26,15:48:22,TVOC,36.57,ppb
2026-09-26,15:48:22,eCO2,428.5,ppm
2026-09-26,15:48:22,Broadband,218.07,lux
2026-09-26,15:48:22,Infrared,82.0,lux
2026-09-26,15:48:52,Temperature,25.94,°C
2026-09-26,15:48:52,Humidity,43.46,%
2026-09-26,15:48:52,AQI,1.0,
2026-09-26,15:48:52,TVOC,36.3,ppb
2026-09-26,15:48:52,eCO2,428.07,ppm
2026-09-26,15:48:52,Broadband,218.0,lux
2026-09-26,15:48:52,Infrared,82.0,lux
2026-09-26,15:49:22,Temperature,25.92,°C
2026-09-26,15:49:22,Humidity,43.55,%
2026-09-26,15:49:22,AQI,1.0,
2026-09-26,15:49:22,TVOC,38.8,ppb
2026-09-26,15:49:22,eCO2,433.6,ppm
2026-09-26,15:49:22,Broadband,217.77,lux
2026-09-26,15:49:22,Infrared,81.5,lux
2026-09-26,15:49:52,Temperature,25.94,°C
2026-09-26,15:49:52,Humidity,43.56,%
2026-09-26,15:49:52,AQI,1.0,
2026-09-26,15:49:52,TVOC,40.37,ppb
2026-09-26,15:49:52,eCO2,436.77,ppm
2026-09-26,15:49:52,Broadband,216.3,lux
2026-09-26,15:49:52,Infrared,80.97,lux
2026-09-26,15:50:22,Temperature,25.96,°C
2026-09-26,15:50:22,Humidity,43.63,%
2026-09-26,15:50:22,AQI,1.0,
2026-09-26,15:50:22,TVOC,44.9,ppb
2026-09-26,15:50:22,eCO2,446.13,ppm
2026-09-26,15:50:22,Broadband,215.57,lux
2026-09-26,15:50:22,Infrared,80.33,lux
2026-09-26,15:50:52,Temperature,25.97,°C
2026-09-26,15:50:52,Humidity,43.65,%
2026-09-26,15:50:52,AQI,1.0,
2026-09-26,15:50:52,TVOC,46.13,ppb
2026-09-26,15:50:52,eCO2,448.77,ppm
2026-09-26,15:50:52,Broadband,214.3,lux
2026-09-26,15:50:52,Infrared,79.93,lux
2026-09-26,15:51:22,Temperature,26.01,°C
2026-09-26,15:51:22,Humidity,43.66,%
2026-09-26,15:51:22,AQI,1.0,
2026-09-26,15:51:22,TVOC,49.0,ppb
2026-09-26,15:51:22,eCO2,454.8,ppm
2026-09-26,15:51:22,Broadband,212.97,lux
2026-09-26,15:51:22,Infrared,79.0,lux
2026-09-26,15:51:52,Temperature,26.01,°C
2026-09-26,15:51:52,Humidity,43.69,%
2026-09-26,15:51:52,AQI,1.0,
2026-09-26,15:51:52,TVOC,49.83,ppb
2026-09-26,15:51:52,eCO2,456.6,ppm
2026-09-26,15:51:52,Broadband,211.57,lux
2026-09-26,15:51:52,Infrared,78.27,lux
2026-09-26,15:52:22,Temperature,26.06,°C
2026-09-26,15:52:22,Humidity,43.68,%
2026-09-26,15:52:22,AQI,1.0,
2026-09-26,15:52:22,TVOC,51.53,ppb
2026-09-26,15:52:22,eCO2,459.97,ppm
2026-09-26,15:52:22,Broadband,210.57,lux
2026-09-26,15:52:22,Infrared,78.0,lux
2026-09-26,15:52:52,Temperature,26.06,°C
2026-09-26,15:52:52,Humidity,43.66,%
2026-09-26,15:52:52,AQI,1.03,
2026-09-26,15:52:52,TVOC,54.77,ppb
2026-09-26,15:52:52,eCO2,466.43,ppm
2026-09-26,15:52:52,Broadband,209.77,lux
2026-09-26,15:52:52,Infrared,77.03,lux
2026-09-26,15:53:22,Temperature,26.04,°C
2026-09-26,15:53:22,Humidity,43.77,%
2026-09-26,15:53:22,AQI,1.77,
2026-09-26,15:53:22,TVOC,93.37,ppb
2026-09-26,15:53:22,eCO2,534.23,ppm
2026-09-26,15:53:22,Broadband,209.07,lux
2026-09-26,15:53:22,Infrared,77.0,lux
2026-09-26,15:53:52,Temperature,26.03,°C
2026-09-26,15:53:52,Humidity,43.9,%
2026-09-26,15:53:52,AQI,1.83,
2026-09-26,15:53:52,TVOC,72.53,ppb
2026-09-26,15:53:52,eCO2,500.6,ppm
2026-09-26,15:53:52,Broadband,208.67,lux
2026-09-26,15:53:52,Infrared,77.0,lux
2026-09-26,15:54:22,Temperature,26.03,°C
2026-09-26,15:54:22,Humidity,43.97,%
2026-09-26,15:54:22,AQI,2.0,
2026-09-26,15:54:22,TVOC,81.1,ppb
2026-09-26,15:54:22,eCO2,516.3,ppm
2026-09-26,15:54:22,Broadband,208.03,lux
2026-09-26,15:54:22,Infrared,76.67,lux
2026-09-26,15:54:52,Temperature,26.01,°C
2026-09-26,15:54:52,Humidity,43.95,%
2026-09-26,15:54:52,AQI,2.0,
2026-09-26,15:54:52,TVOC,88.03,ppb
2026-09-26,15:54:52,eCO2,528.8,ppm
2026-09-26,15:54:52,Broadband,207.6,lux
2026-09-26,15:54:52,Infrared,76.0,lux
2026-09-26,15:55:22,Temperature,26.02,°C
2026-09-26,15:55:22,Humidity,43.98,%
2026-09-26,15:55:22,AQI,2.0,
2026-09-26,15:55:22,TVOC,98.57,ppb
2026-09-26,15:55:22,eCO2,546.7,ppm
2026-09-26,15:55:22,Broadband,206.97,lux
2026-09-26,15:55:22,Infrared,75.97,lux
2026-09-26,15:55:52,Temperature,26.03,°C
2026-09-26,15:55:52,Humidity,43.99,%
2026-09-26,15:55:52,AQI,2.0,
2026-09-26,15:55:52,TVOC,106.87,ppb
2026-09-26,15:55:52,eCO2,560.83,ppm
2026-09-26,15:55:52,Broadband,207.67,lux
2026-09-26,15:55:52,Infrared,76.0,lux
2026-09-26,15:56:22,Temperature,26.06,°C
2026-09-26,15:56:22,Humidity,44.07,%
2026-09-26,15:56:22,AQI,2.0,
2026-09-26,15:56:22,TVOC,122.53,ppb
2026-09-26,15:56:22,eCO2,585.63,ppm
2026-09-26,15:56:22,Broadband,207.1,lux
2026-09-26,15:56:22,Infrared,76.0,lux
2026-09-26,15:56:52,Temperature,26.01,°C
2026-09-26,15:56:52,Humidity,44.09,%
2026-09-26,15:56:52,AQI,2.0,
2026-09-26,15:56:52,TVOC,132.4,ppb
2026-09-26,15:56:52,eCO2,600.73,ppm
2026-09-26,15:56:52,Broadband,207.13,lux
2026-09-26,15:56:52,Infrared,76.0,lux
2026-09-26,15:57:22,Temperature,25.99,°C
2026-09-26,15:57:22,Humidity,44.2,%
2026-09-26,15:57:22,AQI,2.0,
2026-09-26,15:57:22,TVOC,138.7,ppb
2026-09-26,15:57:22,eCO2,610.2,ppm
2026-09-26,15:57:22,Broadband,208.6,lux
2026-09-26,15:57:22,Infrared,76.33,lux
2026-09-26,15:57:52,Temperature,26.03,°C
2026-09-26,15:57:52,Humidity,44.23,%
2026-09-26,15:57:52,AQI,2.0,
2026-09-26,15:57:52,TVOC,145.9,ppb
2026-09-26,15:57:52,eCO2,620.53,ppm
2026-09-26,15:57:52,Broadband,222.93,lux
2026-09-26,15:57:52,Infrared,82.1,lux
2026-09-26,15:58:22,Temperature,26.03,°C
2026-09-26,15:58:22,Humidity,44.44,%
2026-09-26,15:58:22,AQI,2.0,
2026-09-26,15:58:22,TVOC,143.43,ppb
2026-09-26,15:58:22,eCO2,617.2,ppm
2026-09-26,15:58:22,Broadband,229.47,lux
2026-09-26,15:58:22,Infrared,84.63,lux
2026-09-26,15:58:52,Temperature,26.04,°C
2026-09-26,15:58:52,Humidity,44.6,%
2026-09-26,15:58:52,AQI,2.0,
2026-09-26,15:58:52,TVOC,149.93,ppb
2026-09-26,15:58:52,eCO2,626.53,ppm
2026-09-26,15:58:52,Broadband,210.47,lux
2026-09-26,15:58:52,Infrared,78.8,lux
2026-09-26,15:59:22,Temperature,26.14,°C
2026-09-26,15:59:22,Humidity,44.47,%
2026-09-26,15:59:22,AQI,2.0,
2026-09-26,15:59:22,TVOC,154.8,ppb
2026-09-26,15:59:22,eCO2,632.57,ppm
2026-09-26,15:59:22,Broadband,209.2,lux
2026-09-26,15:59:22,Infrared,76.33,lux
2026-09-26,15:59:52,Temperature,26.13,°C
2026-09-26,15:59:52,Humidity,44.28,%
2026-09-26,15:59:52,AQI,2.0,
2026-09-26,15:59:52,TVOC,152.37,ppb
2026-09-26,15:59:52,eCO2,630.07,ppm
2026-09-26,15:59:52,Broadband,208.5,lux
2026-09-26,15:59:52,Infrared,76.0,lux
2026-09-26,16:00:22,Temperature,26.12,°C
2026-09-26,16:00:22,Humidity,44.34,%
2026-09-26,16:00:22,AQI,2.0,
2026-09-26,16:00:22,TVOC,155.47,ppb
2026-09-26,16:00:22,eCO2,634.27,ppm
2026-09-26,16:00:22,Broadband,208.0,lux
2026-09-26,16:00:22,Infrared,76.0,lux
2026-09-26,16:00:52,Temperature,26.07,°C
2026-09-26,16:00:52,Humidity,44.45,%
2026-09-26,16:00:52,AQI,2.0,
2026-09-26,16:00:52,TVOC,159.2,ppb
2026-09-26,16:00:52,eCO2,639.4,ppm
2026-09-26,16:00:52,Broadband,208.0,lux
2026-09-26,16:00:52,Infrared,76.0,lux
2026-09-26,16:01:22,Temperature,26.03,°C
2026-09-26,16:01:22,Humidity,44.61,%
2026-09-26,16:01:22,AQI,2.0,
2026-09-26,16:01:22,TVOC,165.07,ppb
2026-09-26,16:01:22,eCO2,647.27,ppm
2026-09-26,16:01:22,Broadband,208.53,lux
2026-09-26,16:01:22,Infrared,76.0,lux
2026-09-26,16:01:52,Temperature,26.05,°C
2026-09-26,16:01:52,Humidity,44.71,%
2026-09-26,16:01:52,AQI,2.0,
2026-09-26,16:01:52,TVOC,169.47,ppb
2026-09-26,16:01:52,eCO2,653.63,ppm
2026-09-26,16:01:52,Broadband,207.87,lux
2026-09-26,16:01:52,Infrared,75.83,lux
2026-09-26,16:02:22,Temperature,26.09,°C
2026-09-26,16:02:22,Humidity,44.74,%
2026-09-26,16:02:22,AQI,2.0,
2026-09-26,16:02:22,TVOC,175.3,ppb
2026-09-26,16:02:22,eCO2,661.37,ppm
2026-09-26,16:02:22,Broadband,208.9,lux
2026-09-26,16:02:22,Infrared,76.57,lux
2026-09-26,16:02:52,Temperature,26.1,°C
2026-09-26,16:02:52,Humidity,44.75,%
2026-09-26,16:02:52,AQI,2.0,
2026-09-26,16:02:52,TVOC,173.87,ppb
2026-09-26,16:02:52,eCO2,659.33,ppm
2026-09-26,16:02:52,Broadband,207.27,lux
2026-09-26,16:02:52,Infrared,76.77,lux
2026-09-26,16:03:22,Temperature,26.05,°C
2026-09-26,16:03:22,Humidity,44.83,%
2026-09-26,16:03:22,AQI,2.0,
2026-09-26,16:03:22,TVOC,175.8,ppb
2026-09-26,16:03:22,eCO2,662.1,ppm
2026-09-26,16:03:22,Broadband,208.0,lux
2026-09-26,16:03:22,Infrared,77.0,lux
2026-09-26,16:03:52,Temperature,26.02,°C
2026-09-26,16:03:52,Humidity,44.97,%
2026-09-26,16:03:52,AQI,2.0,
2026-09-26,16:03:52,TVOC,186.03,ppb
2026-09-26,16:03:52,eCO2,675.33,ppm
2026-09-26,16:03:52,Broadband,208.3,lux
2026-09-26,16:03:52,Infrared,77.17,lux
2026-09-26,16:04:22,Temperature,26.05,°C
2026-09-26,16:04:22,Humidity,45.05,%
2026-09-26,16:04:22,AQI,2.8,
2026-09-26,16:04:22,TVOC,240.63,ppb
2026-09-26,16:04:22,eCO2,740.47,ppm
2026-09-26,16:04:22,Broadband,208.53,lux
2026-09-26,16:04:22,Infrared,77.0,lux
2026-09-26,16:04:52,Temperature,26.12,°C
2026-09-26,16:04:52,Humidity,45.03,%
2026-09-26,16:04:52,AQI,3.0,
2026-09-26,16:04:52,TVOC,266.57,ppb
2026-09-26,16:04:52,eCO2,769.33,ppm
2026-09-26,16:04:52,Broadband,208.4,lux
2026-09-26,16:04:52,Infrared,76.97,lux
2026-09-26,16:05:22,Temperature,26.15,°C
2026-09-26,16:05:22,Humidity,44.95,%
2026-09-26,16:05:22,AQI,3.0,
2026-09-26,16:05:22,TVOC,261.33,ppb
2026-09-26,16:05:22,eCO2,763.9,ppm
2026-09-26,16:05:22,Broadband,208.07,lux
2026-09-26,16:05:22,Infrared,77.0,lux
2026-09-26,16:05:52,Temperature,26.12,°C
2026-09-26,16:05:52,Humidity,44.97,%
2026-09-26,16:05:52,AQI,3.0,
2026-09-26,16:05:52,TVOC,256.67,ppb
2026-09-26,16:05:52,eCO2,759.0,ppm
2026-09-26,16:05:52,Broadband,207.87,lux
2026-09-26,16:05:52,Infrared,77.0,lux
2026-09-26,16:06:22,Temperature,26.1,°C
2026-09-26,16:06:22,Humidity,45.03,%
2026-09-26,16:06:22,AQI,3.0,
2026-09-26,16:06:22,TVOC,248.53,ppb
2026-09-26,16:06:22,eCO2,749.87,ppm
2026-09-26,16:06:22,Broadband,207.6,lux
2026-09-26,16:06:22,Infrared,77.0,lux
2026-09-26,16:06:52,Temperature,26.12,°C
2026-09-26,16:06:52,Humidity,45.09,%
2026-09-26,16:06:52,AQI,3.0,
2026-09-26,16:06:52,TVOC,251.27,ppb
2026-09-26,16:06:52,eCO2,752.77,ppm
2026-09-26,16:06:52,Broadband,207.0,lux
2026-09-26,16:06:52,Infrared,77.0,lux
2026-09-26,16:07:22,Temperature,26.14,°C
2026-09-26,16:07:22,Humidity,45.11,%
2026-09-26,16:07:22,AQI,3.0,
2026-09-26,16:07:22,TVOC,261.0,ppb
2026-09-26,16:07:22,eCO2,763.4,ppm
2026-09-26,16:07:22,Broadband,207.8,lux
2026-09-26,16:07:22,Infrared,77.1,lux
2026-09-26,16:07:52,Temperature,26.18,°C
2026-09-26,16:07:52,Humidity,45.1,%
2026-09-26,16:07:52,AQI,3.0,
2026-09-26,16:07:52,TVOC,271.73,ppb
2026-09-26,16:07:52,eCO2,774.8,ppm
2026-09-26,16:07:52,Broadband,209.37,lux
2026-09-26,16:07:52,Infrared,78.0,lux
2026-09-26,16:08:22,Temperature,26.17,°C
2026-09-26,16:08:22,Humidity,45.05,%
2026-09-26,16:08:22,AQI,3.0,
2026-09-26,16:08:22,TVOC,267.23,ppb
2026-09-26,16:08:22,eCO2,770.0,ppm
2026-09-26,16:08:22,Broadband,195.23,lux
2026-09-26,16:08:22,Infrared,69.83,lux
2026-09-26,16:08:52,Temperature,26.17,°C
2026-09-26,16:08:52,Humidity,45.07,%
2026-09-26,16:08:52,AQI,3.0,
2026-09-26,16:08:52,TVOC,262.5,ppb
2026-09-26,16:08:52,eCO2,765.17,ppm
2026-09-26,16:08:52,Broadband,189.8,lux
2026-09-26,16:08:52,Infrared,67.73,lux
2026-09-26,16:09:22,Temperature,26.13,°C
2026-09-26,16:09:22,Humidity,45.12,%
2026-09-26,16:09:22,AQI,3.0,
2026-09-26,16:09:22,TVOC,266.6,ppb
2026-09-26,16:09:22,eCO2,769.43,ppm
2026-09-26,16:09:22,Broadband,199.37,lux
2026-09-26,16:09:22,Infrared,72.87,lux
2026-09-26,16:09:52,Temperature,26.15,°C
2026-09-26,16:09:52,Humidity,45.17,%
2026-09-26,16:09:52,AQI,3.0,
2026-09-26,16:09:52,TVOC,265.83,ppb
2026-09-26,16:09:52,eCO2,768.57,ppm
2026-09-26,16:09:52,Broadband,209.43,lux
2026-09-26,16:09:52,Infrared,78.83,lux
2026-09-26,16:10:22,Temperature,26.16,°C
2026-09-26,16:10:22,Humidity,45.27,%
2026-09-26,16:10:22,AQI,2.9,
2026-09-26,16:10:22,TVOC,240.57,ppb
2026-09-26,16:10:22,eCO2,740.9,ppm
2026-09-26,16:10:22,Broadband,215.6,lux
2026-09-26,16:10:22,Infrared,82.23,lux
2026-09-26,16:10:52,Temperature,26.11,°C
2026-09-26,16:10:52,Humidity,45.52,%
2026-09-26,16:10:52,AQI,2.27,
2026-09-26,16:10:52,TVOC,212.77,ppb
2026-09-26,16:10:52,eCO2,708.47,ppm
2026-09-26,16:10:52,Broadband,222.27,lux
2026-09-26,16:10:52,Infrared,85.93,lux
2026-09-26,16:11:22,Temperature,26.1,°C
2026-09-26,16:11:22,Humidity,45.93,%
2026-09-26,16:11:22,AQI,2.8,
2026-09-26,16:11:22,TVOC,229.23,ppb
2026-09-26,16:11:22,eCO2,728.1,ppm
2026-09-26,16:11:22,Broadband,232.03,lux
2026-09-26,16:11:22,Infrared,89.97,lux
2026-09-26,16:11:52,Temperature,26.07,°C
2026-09-26,16:11:52,Humidity,46.18,%
2026-09-26,16:11:52,AQI,3.0,
2026-09-26,16:11:52,TVOC,241.1,ppb
2026-09-26,16:11:52,eCO2,741.6,ppm
2026-09-26,16:11:52,Broadband,242.83,lux
2026-09-26,16:11:52,Infrared,95.37,lux
2026-09-26,16:12:22,Temperature,26.05,°C
2026-09-26,16:12:22,Humidity,46.13,%
2026-09-26,16:12:22,AQI,2.9,
2026-09-26,16:12:22,TVOC,232.53,ppb
2026-09-26,16:12:22,eCO2,731.87,ppm
2026-09-26,16:12:22,Broadband,249.17,lux
2026-09-26,16:12:22,Infrared,98.93,lux
2026-09-26,16:12:52,Temperature,26.04,°C
2026-09-26,16:12:52,Humidity,45.9,%
2026-09-26,16:12:52,AQI,2.77,
2026-09-26,16:12:52,TVOC,229.1,ppb
2026-09-26,16:12:52,eCO2,727.73,ppm
2026-09-26,16:12:52,Broadband,247.9,lux
2026-09-26,16:12:52,Infrared,98.57,lux
2026-09-26,16:13:22,Temperature,26.06,°C
2026-09-26,16:13:22,Humidity,45.82,%
2026-09-26,16:13:22,AQI,2.57,
2026-09-26,16:13:22,TVOC,223.27,ppb
2026-09-26,16:13:22,eCO2,720.8,ppm
2026-09-26,16:13:22,Broadband,239.03,lux
2026-09-26,16:13:22,Infrared,94.8,lux
2026-09-26,16:13:52,Temperature,26.02,°C
2026-09-26,16:13:52,Humidity,45.8,%
2026-09-26,16:13:52,AQI,2.27,
2026-09-26,16:13:52,TVOC,215.8,ppb
2026-09-26,16:13:52,eCO2,712.27,ppm
2026-09-26,16:13:52,Broadband,253.4,lux
2026-09-26,16:13:52,Infrared,101.33,lux
2026-09-26,16:14:22,Temperature,25.99,°C
2026-09-26,16:14:22,Humidity,45.9,%
2026-09-26,16:14:22,AQI,2.13,
2026-09-26,16:14:22,TVOC,212.93,ppb
2026-09-26,16:14:22,eCO2,708.7,ppm
2026-09-26,16:14:22,Broadband,250.57,lux
2026-09-26,16:14:22,Infrared,100.17,lux
2026-09-26,16:14:52,Temperature,25.97,°C
2026-09-26,16:14:52,Humidity,45.93,%
2026-09-26,16:14:52,AQI,2.1,
2026-09-26,16:14:52,TVOC,211.0,ppb
2026-09-26,16:14:52,eCO2,706.63,ppm
2026-09-26,16:14:52,Broadband,245.93,lux
2026-09-26,16:14:52,Infrared,97.77,lux
2026-09-26,16:15:22,Temperature,25.95,°C
2026-09-26,16:15:22,Humidity,46.05,%
2026-09-26,16:15:22,AQI,2.6,
2026-09-26,16:15:22,TVOC,223.4,ppb
2026-09-26,16:15:22,eCO2,721.27,ppm
2026-09-26,16:15:22,Broadband,245.5,lux
2026-09-26,16:15:22,Infrared,98.83,lux
2026-09-26,16:15:52,Temperature,25.95,°C
2026-09-26,16:15:52,Humidity,46.08,%
2026-09-26,16:15:52,AQI,2.53,
2026-09-26,16:15:52,TVOC,218.37,ppb
2026-09-26,16:15:52,eCO2,715.33,ppm
2026-09-26,16:15:52,Broadband,242.37,lux
2026-09-26,16:15:52,Infrared,97.67,lux
2026-09-26,16:16:22,Temperature,25.94,°C
2026-09-26,16:16:22,Humidity,45.88,%
2026-09-26,16:16:22,AQI,2.0,
2026-09-26,16:16:22,TVOC,196.43,ppb
2026-09-26,16:16:22,eCO2,688.43,ppm
2026-09-26,16:16:22,Broadband,241.4,lux
2026-09-26,16:16:22,Infrared,98.0,lux
2026-09-26,16:16:52,Temperature,25.94,°C
2026-09-26,16:16:52,Humidity,45.94,%
2026-09-26,16:16:52,AQI,2.13,
2026-09-26,16:16:52,TVOC,207.87,ppb
2026-09-26,16:16:52,eCO2,702.7,ppm
2026-09-26,16:16:52,Broadband,240.6,lux
2026-09-26,16:16:52,Infrared,97.13,lux
2026-09-26,16:17:22,Temperature,25.98,°C
2026-09-26,16:17:22,Humidity,46.16,%
2026-09-26,16:17:22,AQI,2.77,
2026-09-26,16:17:22,TVOC,223.43,ppb
2026-09-26,16:17:22,eCO2,721.33,ppm
2026-09-26,16:17:22,Broadband,239.87,lux
2026-09-26,16:17:22,Infrared,96.93,lux
2026-09-26,16:17:52,Temperature,25.93,°C
2026-09-26,16:17:52,Humidity,46.36,%
2026-09-26,16:17:52,AQI,2.9,
2026-09-26,16:17:52,TVOC,232.2,ppb
2026-09-26,16:17:52,eCO2,731.53,ppm
2026-09-26,16:17:52,Broadband,239.6,lux
2026-09-26,16:17:52,Infrared,96.77,lux
2026-09-26,16:18:22,Temperature,25.98,°C
2026-09-26,16:18:22,Humidity,46.57,%
2026-09-26,16:18:22,AQI,2.9,
2026-09-26,16:18:22,TVOC,230.7,ppb
2026-09-26,16:18:22,eCO2,729.87,ppm
2026-09-26,16:18:22,Broadband,238.13,lux
2026-09-26,16:18:22,Infrared,96.0,lux
2026-09-26,16:18:52,Temperature,25.96,°C
2026-09-26,16:18:52,Humidity,46.54,%
2026-09-26,16:18:52,AQI,2.77,
2026-09-26,16:18:52,TVOC,228.13,ppb
2026-09-26,16:18:52,eCO2,725.9,ppm
2026-09-26,16:18:52,Broadband,238.57,lux
2026-09-26,16:18:52,Infrared,96.3,lux
2026-09-26,16:19:22,Temperature,25.97,°C
2026-09-26,16:19:22,Humidity,46.76,%
2026-09-26,16:19:22,AQI,2.87,
2026-09-26,16:19:22,TVOC,231.47,ppb
2026-09-26,16:19:22,eCO2,730.6,ppm
2026-09-26,16:19:22,Broadband,239.03,lux
2026-09-26,16:19:22,Infrared,96.33,lux
2026-09-26,16:19:52,Temperature,25.98,°C
2026-09-26,16:19:52,Humidity,46.58,%
2026-09-26,16:19:52,AQI,2.77,
2026-09-26,16:19:52,TVOC,226.2,ppb
2026-09-26,16:19:52,eCO2,724.57,ppm
2026-09-26,16:19:52,Broadband,212.93,lux
2026-09-26,16:19:52,Infrared,81.1,lux
2026-09-26,16:20:22,Temperature,25.98,°C
2026-09-26,16:20:22,Humidity,46.59,%
2026-09-26,16:20:22,AQI,2.87,
2026-09-26,16:20:22,TVOC,236.2,ppb
2026-09-26,16:20:22,eCO2,735.87,ppm
2026-09-26,16:20:22,Broadband,242.07,lux
2026-09-26,16:20:22,Infrared,95.33,lux
2026-09-26,16:20:52,Temperature,25.94,°C
2026-09-26,16:20:52,Humidity,46.69,%
2026-09-26,16:20:52,AQI,2.63,
2026-09-26,16:20:52,TVOC,225.87,ppb
2026-09-26,16:20:52,eCO2,724.1,ppm
2026-09-26,16:20:52,Broadband,238.87,lux
2026-09-26,16:20:52,Infrared,92.87,lux
2026-09-26,16:21:22,Temperature,25.95,°C
2026-09-26,16:21:22,Humidity,46.34,%
2026-09-26,16:21:22,AQI,2.37,
2026-09-26,16:21:22,TVOC,214.93,ppb
2026-09-26,16:21:22,eCO2,711.17,ppm
2026-09-26,16:21:22,Broadband,261.33,lux
2026-09-26,16:21:22,Infrared,105.8,lux
2026-09-26,16:21:52,Temperature,25.99,°C
2026-09-26,16:21:52,Humidity,46.06,%
2026-09-26,16:21:52,AQI,2.13,
2026-09-26,16:21:52,TVOC,207.77,ppb
2026-09-26,16:21:52,eCO2,702.47,ppm
2026-09-26,16:21:52,Broadband,251.33,lux
2026-09-26,16:21:52,Infrared,102.33,lux
2026-09-26,16:22:22,Temperature,25.98,°C
2026-09-26,16:22:22,Humidity,46.75,%
2026-09-26,16:22:22,AQI,2.33,
2026-09-26,16:22:22,TVOC,213.13,ppb
2026-09-26,16:22:22,eCO2,708.97,ppm
2026-09-26,16:22:22,Broadband,245.33,lux
2026-09-26,16:22:22,Infrared,99.23,lux
2026-09-26,16:22:52,Temperature,25.95,°C
2026-09-26,16:22:52,Humidity,46.72,%
2026-09-26,16:22:52,AQI,2.1,
2026-09-26,16:22:52,TVOC,208.73,ppb
2026-09-26,16:22:52,eCO2,703.57,ppm
2026-09-26,16:22:52,Broadband,246.1,lux
2026-09-26,16:22:52,Infrared,99.8,lux
2026-09-26,16:23:22,Temperature,25.93,°C
2026-09-26,16:23:22,Humidity,46.79,%
2026-09-26,16:23:22,AQI,2.0,
2026-09-26,16:23:22,TVOC,204.8,ppb
2026-09-26,16:23:22,eCO2,698.9,ppm
2026-09-26,16:23:22,Broadband,247.57,lux
2026-09-26,16:23:22,Infrared,100.13,lux
2026-09-26,16:23:52,Temperature,25.93,°C
2026-09-26,16:23:52,Humidity,46.78,%
2026-09-26,16:23:52,AQI,2.0,
2026-09-26,16:23:52,TVOC,202.73,ppb
2026-09-26,16:23:52,eCO2,696.43,ppm
2026-09-26,16:23:52,Broadband,248.0,lux
2026-09-26,16:23:52,Infrared,100.4,lux
2026-09-26,16:24:22,Temperature,25.88,°C
2026-09-26,16:24:22,Humidity,46.98,%
2026-09-26,16:24:22,AQI,2.0,
2026-09-26,16:24:22,TVOC,199.0,ppb
2026-09-26,16:24:22,eCO2,691.93,ppm
2026-09-26,16:24:22,Broadband,246.7,lux
2026-09-26,16:24:22,Infrared,100.0,lux
2026-09-26,16:24:52,Temperature,25.91,°C
2026-09-26,16:24:52,Humidity,46.94,%
2026-09-26,16:24:52,AQI,2.0,
2026-09-26,16:24:52,TVOC,202.3,ppb
2026-09-26,16:24:52,eCO2,695.9,ppm
2026-09-26,16:24:52,Broadband,245.47,lux
2026-09-26,16:24:52,Infrared,99.27,lux
2026-09-26,16:25:22,Temperature,25.9,°C
2026-09-26,16:25:22,Humidity,46.71,%
2026-09-26,16:25:22,AQI,2.07,
2026-09-26,16:25:22,TVOC,202.33,ppb
2026-09-26,16:25:22,eCO2,695.93,ppm
2026-09-26,16:25:22,Broadband,244.37,lux
2026-09-26,16:25:22,Infrared,99.0,lux
2026-09-26,16:25:52,Temperature,25.94,°C
2026-09-26,16:25:52,Humidity,46.33,%
2026-09-26,16:25:52,AQI,2.0,
2026-09-26,16:25:52,TVOC,196.1,ppb
2026-09-26,16:25:52,eCO2,688.23,ppm
2026-09-26,16:25:52,Broadband,243.13,lux
2026-09-26,16:25:52,Infrared,98.27,lux
2026-09-26,16:26:22,Temperature,25.95,°C
2026-09-26,16:26:22,Humidity,46.23,%
2026-09-26,16:26:22,AQI,2.03,
2026-09-26,16:26:22,TVOC,201.03,ppb
2026-09-26,16:26:22,eCO2,694.37,ppm
2026-09-26,16:26:22,Broadband,241.03,lux
2026-09-26,16:26:22,Infrared,97.43,lux
2026-09-26,16:26:52,Temperature,25.94,°C
2026-09-26,16:26:52,Humidity,46.38,%
2026-09-26,16:26:52,AQI,2.0,
2026-09-26,16:26:52,TVOC,199.53,ppb
2026-09-26,16:26:52,eCO2,692.5,ppm
2026-09-26,16:26:52,Broadband,238.2,lux
2026-09-26,16:26:52,Infrared,96.03,lux
2026-09-26,16:27:22,Temperature,25.89,°C
2026-09-26,16:27:22,Humidity,46.45,%
2026-09-26,16:27:22,AQI,2.0,
2026-09-26,16:27:22,TVOC,180.63,ppb
2026-09-26,16:27:22,eCO2,668.4,ppm
2026-09-26,16:27:22,Broadband,236.17,lux
2026-09-26,16:27:22,Infrared,94.97,lux
2026-09-26,16:27:52,Temperature,25.94,°C
2026-09-26,16:27:52,Humidity,46.26,%
2026-09-26,16:27:52,AQI,2.0,
2026-09-26,16:27:52,TVOC,173.1,ppb
2026-09-26,16:27:52,eCO2,658.2,ppm
2026-09-26,16:27:52,Broadband,234.73,lux
2026-09-26,16:27:52,Infrared,94.27,lux
2026-09-26,16:28:22,Temperature,25.9,°C
2026-09-26,16:28:22,Humidity,46.22,%
2026-09-26,16:28:22,AQI,2.0,
2026-09-26,16:28:22,TVOC,167.2,ppb
2026-09-26,16:28:22,eCO2,650.43,ppm
2026-09-26,16:28:22,Broadband,233.33,lux
2026-09-26,16:28:22,Infrared,93.8,lux
2026-09-26,16:28:52,Temperature,25.91,°C
2026-09-26,16:28:52,Humidity,46.09,%
2026-09-26,16:28:52,AQI,2.0,
2026-09-26,16:28:52,TVOC,160.17,ppb
2026-09-26,16:28:52,eCO2,640.83,ppm
2026-09-26,16:28:52,Broadband,232.37,lux
2026-09-26,16:28:52,Infrared,93.0,lux
2026-09-26,16:29:22,Temperature,25.89,°C
2026-09-26,16:29:22,Humidity,46.01,%
2026-09-26,16:29:22,AQI,2.0,
2026-09-26,16:29:22,TVOC,149.47,ppb
2026-09-26,16:29:22,eCO2,625.67,ppm
2026-09-26,16:29:22,Broadband,231.07,lux
2026-09-26,16:29:22,Infrared,92.6,lux
2026-09-26,16:29:52,Temperature,25.88,°C
2026-09-26,16:29:52,Humidity,46.0,%
2026-09-26,16:29:52,AQI,2.0,
2026-09-26,16:29:52,TVOC,153.87,ppb
2026-09-26,16:29:52,eCO2,631.97,ppm
2026-09-26,16:29:52,Broadband,230.43,lux
2026-09-26,16:29:52,Infrared,92.0,lux
2026-09-26,16:30:22,Temperature,25.84,°C
2026-09-26,16:30:22,Humidity,46.06,%
2026-09-26,16:30:22,AQI,2.0,
2026-09-26,16:30:22,TVOC,148.03,ppb
2026-09-26,16:30:22,eCO2,623.87,ppm
2026-09-26,16:30:22,Broadband,230.2,lux
2026-09-26,16:30:22,Infrared,92.0,lux
2026-09-26,16:30:52,Temperature,25.83,°C
2026-09-26,16:30:52,Humidity,46.23,%
2026-09-26,16:30:52,AQI,2.0,
2026-09-26,16:30:52,TVOC,154.8,ppb
2026-09-26,16:30:52,eCO2,633.13,ppm
2026-09-26,16:30:52,Broadband,230.2,lux
2026-09-26,16:30:52,Infrared,91.9,lux
2026-09-26,16:31:22,Temperature,25.87,°C
2026-09-26,16:31:22,Humidity,46.32,%
2026-09-26,16:31:22,AQI,2.0,
2026-09-26,16:31:22,TVOC,149.1,ppb
2026-09-26,16:31:22,eCO2,625.27,ppm
2026-09-26,16:31:22,Broadband,230.83,lux
2026-09-26,16:31:22,Infrared,92.0,lux
2026-09-26,16:31:52,Temperature,25.89,°C
2026-09-26,16:31:52,Humidity,46.11,%
2026-09-26,16:31:52,AQI,2.0,
2026-09-26,16:31:52,TVOC,149.03,ppb
2026-09-26,16:31:52,eCO2,625.2,ppm
2026-09-26,16:31:52,Broadband,231.0,lux
2026-09-26,16:31:52,Infrared,92.0,lux
2026-09-26,16:32:22,Temperature,25.88,°C
2026-09-26,16:32:22,Humidity,45.86,%
2026-09-26,16:32:22,AQI,2.0,
2026-09-26,16:32:22,TVOC,128.0,ppb
2026-09-26,16:32:22,eCO2,593.93,ppm
2026-09-26,16:32:22,Broadband,231.0,lux
2026-09-26,16:32:22,Infrared,92.0,lux
2026-09-26,16:32:52,Temperature,25.89,°C
2026-09-26,16:32:52,Humidity,45.59,%
2026-09-26,16:32:52,AQI,2.0,
2026-09-26,16:32:52,TVOC,125.87,ppb
2026-09-26,16:32:52,eCO2,590.23,ppm
2026-09-26,16:32:52,Broadband,231.5,lux
2026-09-26,16:32:52,Infrared,92.0,lux
2026-09-26,16:33:22,Temperature,25.85,°C
2026-09-26,16:33:22,Humidity,45.5,%
2026-09-26,16:33:22,AQI,2.0,
2026-09-26,16:33:22,TVOC,113.37,ppb
2026-09-26,16:33:22,eCO2,571.03,ppm
2026-09-26,16:33:22,Broadband,231.27,lux
2026-09-26,16:33:22,Infrared,91.97,lux
2026-09-26,16:33:52,Temperature,25.86,°C
2026-09-26,16:33:52,Humidity,45.91,%
2026-09-26,16:33:52,AQI,2.0,
2026-09-26,16:33:52,TVOC,127.4,ppb
2026-09-26,16:33:52,eCO2,592.93,ppm
2026-09-26,16:33:52,Broadband,230.93,lux
2026-09-26,16:33:52,Infrared,91.93,lux
2026-09-26,16:34:22,Temperature,25.87,°C
2026-09-26,16:34:22,Humidity,46.27,%
2026-09-26,16:34:22,AQI,2.0,
2026-09-26,16:34:22,TVOC,153.77,ppb
2026-09-26,16:34:22,eCO2,631.73,ppm
2026-09-26,16:34:22,Broadband,229.3,lux
2026-09-26,16:34:22,Infrared,90.97,lux
2026-09-26,16:34:52,Temperature,25.84,°C
2026-09-26,16:34:52,Humidity,46.5,%
2026-09-26,16:34:52,AQI,2.0,
2026-09-26,16:34:52,TVOC,159.73,ppb
2026-09-26,16:34:52,eCO2,640.2,ppm
2026-09-26,16:34:52,Broadband,227.13,lux
2026-09-26,16:34:52,Infrared,89.93,lux
2026-09-26,16:35:22,Temperature,25.83,°C
2026-09-26,16:35:22,Humidity,46.82,%
2026-09-26,16:35:22,AQI,2.0,
2026-09-26,16:35:22,TVOC,158.0,ppb
2026-09-26,16:35:22,eCO2,637.77,ppm
2026-09-26,16:35:22,Broadband,224.8,lux
2026-09-26,16:35:22,Infrared,88.8,lux
2026-09-26,16:35:52,Temperature,25.8,°C
2026-09-26,16:35:52,Humidity,46.89,%
2026-09-26,16:35:52,AQI,2.0,
2026-09-26,16:35:52,TVOC,172.23,ppb
2026-09-26,16:35:52,eCO2,657.0,ppm
2026-09-26,16:35:52,Broadband,225.13,lux
2026-09-26,16:35:52,Infrared,90.97,lux
2026-09-26,16:36:22,Temperature,25.77,°C
2026-09-26,16:36:22,Humidity,46.55,%
2026-09-26,16:36:22,AQI,2.0,
2026-09-26,16:36:22,TVOC,158.4,ppb
2026-09-26,16:36:22,eCO2,638.47,ppm
2026-09-26,16:36:22,Broadband,222.83,lux
2026-09-26,16:36:22,Infrared,87.57,lux
2026-09-26,16:36:52,Temperature,25.85,°C
2026-09-26,16:36:52,Humidity,46.41,%
2026-09-26,16:36:52,AQI,2.0,
2026-09-26,16:36:52,TVOC,157.3,ppb
2026-09-26,16:36:52,eCO2,636.8,ppm
2026-09-26,16:36:52,Broadband,220.63,lux
2026-09-26,16:36:52,Infrared,86.57,lux
2026-09-26,16:37:22,Temperature,25.87,°C
2026-09-26,16:37:22,Humidity,46.32,%
2026-09-26,16:37:22,AQI,2.0,
2026-09-26,16:37:22,TVOC,160.5,ppb
2026-09-26,16:37:22,eCO2,641.33,ppm
2026-09-26,16:37:22,Broadband,219.57,lux
2026-09-26,16:37:22,Infrared,86.0,lux
2026-09-26,16:37:52,Temperature,25.78,°C
2026-09-26,16:37:52,Humidity,46.45,%
2026-09-26,16:37:52,AQI,2.0,
2026-09-26,16:37:52,TVOC,166.47,ppb
2026-09-26,16:37:52,eCO2,649.57,ppm
2026-09-26,16:37:52,Broadband,219.0,lux
2026-09-26,16:37:52,Infrared,86.0,lux
2026-09-26,16:38:22,Temperature,25.78,°C
2026-09-26,16:38:22,Humidity,46.65,%
2026-09-26,16:38:22,AQI,2.0,
2026-09-26,16:38:22,TVOC,149.4,ppb
2026-09-26,16:38:22,eCO2,625.53,ppm
2026-09-26,16:38:22,Broadband,218.43,lux
2026-09-26,16:38:22,Infrared,85.03,lux
2026-09-26,16:38:52,Temperature,25.82,°C
2026-09-26,16:38:52,Humidity,46.84,%
2026-09-26,16:38:52,AQI,2.0,
2026-09-26,16:38:52,TVOC,147.17,ppb
2026-09-26,16:38:52,eCO2,622.53,ppm
2026-09-26,16:38:52,Broadband,220.2,lux
2026-09-26,16:38:52,Infrared,85.87,lux
2026-09-26,16:39:22,Temperature,25.87,°C
2026-09-26,16:39:22,Humidity,46.86,%
2026-09-26,16:39:22,AQI,2.0,
2026-09-26,16:39:22,TVOC,157.73,ppb
2026-09-26,16:39:22,eCO2,637.5,ppm
2026-09-26,16:39:22,Broadband,219.93,lux
2026-09-26,16:39:22,Infrared,86.0,lux
2026-09-26,16:39:52,Temperature,25.92,°C
2026-09-26,16:39:52,Humidity,46.73,%
2026-09-26,16:39:52,AQI,2.0,
2026-09-26,16:39:52,TVOC,157.83,ppb
2026-09-26,16:39:52,eCO2,637.67,ppm
2026-09-26,16:39:52,Broadband,221.83,lux
2026-09-26,16:39:52,Infrared,87.2,lux
2026-09-26,16:40:22,Temperature,25.91,°C
2026-09-26,16:40:22,Humidity,46.7,%
2026-09-26,16:40:22,AQI,2.0,
2026-09-26,16:40:22,TVOC,160.1,ppb
2026-09-26,16:40:22,eCO2,640.77,ppm
2026-09-26,16:40:22,Broadband,226.77,lux
2026-09-26,16:40:22,Infrared,89.53,lux
2026-09-26,16:40:52,Temperature,25.92,°C
2026-09-26,16:40:52,Humidity,46.65,%
2026-09-26,16:40:52,AQI,2.0,
2026-09-26,16:40:52,TVOC,158.6,ppb
2026-09-26,16:40:52,eCO2,638.6,ppm
2026-09-26,16:40:52,Broadband,226.5,lux
2026-09-26,16:40:52,Infrared,89.13,lux
2026-09-26,16:41:22,Temperature,25.84,°C
2026-09-26,16:41:22,Humidity,46.99,%
2026-09-26,16:41:22,AQI,2.0,
2026-09-26,16:41:22,TVOC,161.57,ppb
2026-09-26,16:41:22,eCO2,642.73,ppm
2026-09-26,16:41:22,Broadband,227.0,lux
2026-09-26,16:41:22,Infrared,89.5,lux
2026-09-26,16:41:52,Temperature,25.83,°C
2026-09-26,16:41:52,Humidity,47.1,%
2026-09-26,16:41:52,AQI,2.0,
2026-09-26,16:41:52,TVOC,152.47,ppb
2026-09-26,16:41:52,eCO2,630.1,ppm
2026-09-26,16:41:52,Broadband,228.33,lux
2026-09-26,16:41:52,Infrared,90.0,lux
2026-09-26,16:42:22,Temperature,25.85,°C
2026-09-26,16:42:22,Humidity,47.16,%
2026-09-26,16:42:22,AQI,2.0,
2026-09-26,16:42:22,TVOC,157.93,ppb
2026-09-26,16:42:22,eCO2,637.63,ppm
2026-09-26,16:42:22,Broadband,230.0,lux
2026-09-26,16:42:22,Infrared,90.3,lux
2026-09-26,16:42:52,Temperature,25.89,°C
2026-09-26,16:42:52,Humidity,47.02,%
2026-09-26,16:42:52,AQI,2.0,
2026-09-26,16:42:52,TVOC,158.0,ppb
2026-09-26,16:42:52,eCO2,637.8,ppm
2026-09-26,16:42:52,Broadband,241.9,lux
2026-09-26,16:42:52,Infrared,95.27,lux
2026-09-26,16:43:22,Temperature,25.91,°C
2026-09-26,16:43:22,Humidity,47.02,%
2026-09-26,16:43:22,AQI,2.0,
2026-09-26,16:43:22,TVOC,157.93,ppb
2026-09-26,16:43:22,eCO2,637.9,ppm
2026-09-26,16:43:22,Broadband,263.03,lux
2026-09-26,16:43:22,Infrared,104.13,lux
2026-09-26,16:43:52,Temperature,25.9,°C
2026-09-26,16:43:52,Humidity,47.13,%
2026-09-26,16:43:52,AQI,2.0,
2026-09-26,16:43:52,TVOC,165.27,ppb
2026-09-26,16:43:52,eCO2,647.7,ppm
2026-09-26,16:43:52,Broadband,261.2,lux
2026-09-26,16:43:52,Infrared,103.63,lux
2026-09-26,16:44:22,Temperature,25.91,°C
2026-09-26,16:44:22,Humidity,47.1,%
2026-09-26,16:44:22,AQI,2.0,
2026-09-26,16:44:22,TVOC,159.77,ppb
2026-09-26,16:44:22,eCO2,640.17,ppm
2026-09-26,16:44:22,Broadband,259.43,lux
2026-09-26,16:44:22,Infrared,102.53,lux
